{"mass":0.2,"centerOfMass":[-0.05288,0.06958,0.02078],"transformation":[-0.70711,0.7071,0.0,0.0,0.0,0.0,-1.0,0.0,-0.7071,-0.70711,-0.0,0.0,-0.1749,0.0581,0.0285,1.0],"inertia":[0.0006,0.00034,5e-05,0.00034,0.00042,-8e-05,5e-05,-8e-05,0.00098],"collisionModel":{"pointA":[0,0.005,0,0,0,0,0,0,0],"pointB":[0,-0.005,0,0,0,0,0,0,0],"radius":[0.005,0,0]}}