{"mass":0.15,"centerOfMass":[0.01269,-0.01266,0.00808],"transformation":[0.70711,-0.70711,-0.0,0.0,0.70711,0.70711,0.0,0.0,0.0,-0.0,1.0,0.0,0.04794,-0.04794,0.0375,1.0],"inertia":[0.00012,7e-05,1e-05,7e-05,0.00012,-1e-05,1e-05,-1e-05,0.00021],"collisionModel":{"pointA":[0,0.005,0,0,0,0,0,0,0],"pointB":[0,-0.005,0,0,0,0,0,0,0],"radius":[0.005,0,0]}}