{"mass":0.2,"centerOfMass":[7e-05,0.00535,0.01299],"transformation":[1.0,0.0,0.0,0.0,0.0,1.0,0.0,0.0,0.0,0.0,1.0,0.0,0.0,0.0,0.03305,1.0],"inertia":[0.00015,-0.0,0.0,-0.0,4e-05,0.0,0.0,0.0,0.00015],"collisionModel":{"pointA":[0,0.005,0,0,0,0,0,0,0],"pointB":[0,-0.005,0,0,0,0,0,0,0],"radius":[0.005,0,0]}}