{"mass":0.2,"centerOfMass":[0.04714,-0.18545,0.02051],"transformation":[-0.0002,0.0,1.0,0.0,-0.70724,-0.70697,-0.00014,0.0,0.70697,-0.70724,0.00014,0.0,0.1163,-0.1163,0.0998,1.0],"inertia":[0.00057,-0.00047,-0.00012,-0.00047,0.00057,-0.00012,-0.00012,-0.00012,0.00097],"collisionModel":{"pointA":[0,0.005,0,0,0,0,0,0,0],"pointB":[0,-0.005,0,0,0,0,0,0,0],"radius":[0.005,0,0]}}