{"mass":0.1,"centerOfMass":[0.0,0.0,0.04912],"transformation":[1.0,0.0,0.0,0.0,0.0,1.0,0.0,0.0,0.0,0.0,1.0,0.0,0.0,0.0,0.182,1.0],"inertia":[0.00017,0.0,0.0,0.0,0.00017,0.0,0.0,0.0,3e-05],"collisionModel":{"pointA":[0,0.005,0,0,0,0,0,0,0],"pointB":[0,-0.005,0,0,0,0,0,0,0],"radius":[0.005,0,0]}}