{"mass":0.15,"centerOfMass":[0.01452,-0.01447,0.0085],"transformation":[0.00014,-0.00014,1.0,0.0,-0.70724,-0.70697,0.0,0.0,0.70697,-0.70724,-0.0002,0.0,0.04974,-0.04974,0.0333,1.0],"inertia":[0.00012,7e-05,0.0,7e-05,0.00012,-0.0,0.0,-0.0,0.00021],"collisionModel":{"pointA":[0,0.005,0,0,0,0,0,0,0],"pointB":[0,-0.005,0,0,0,0,0,0,0],"radius":[0.005,0,0]}}