{"mass":0.2,"centerOfMass":[0.05157,-0.05007,0.01708],"transformation":[0.70711,-0.70711,0.0,0.0,-0.0,-0.0,-1.0,0.0,0.70711,0.70711,-0.0,0.0,0.1749,-0.0581,0.0285,1.0],"inertia":[0.00054,0.00045,-7e-05,0.00045,0.00058,7e-05,-7e-05,7e-05,0.00108],"collisionModel":{"pointA":[0,0.005,0,0,0,0,0,0,0],"pointB":[0,-0.005,0,0,0,0,0,0,0],"radius":[0.005,0,0]}}