{"mass":0.2,"centerOfMass":[0.06111,-0.06111,0.01076],"transformation":[0.70711,-0.70711,-0.0,0.0,0.70711,0.70711,0.0,0.0,0.0,-0.0,1.0,0.0,0.11646,-0.11646,0.1146,1.0],"inertia":[0.00054,0.00041,-1e-05,0.00041,0.00054,1e-05,-1e-05,1e-05,0.00084],"collisionModel":{"pointA":[0,0.005,0,0,0,0,0,0,0],"pointB":[0,-0.005,0,0,0,0,0,0,0],"radius":[0.005,0,0]}}