{"mass":0.046,"centerOfMass":[0.00165,-0.00071,-0.00519],"transformation":[0.70711,-0.70711,-0.0,0.0,0.70711,0.70711,0.0,0.0,0.0,-0.0,1.0,0.0,0.0,0.0,0.0,1.0],"inertia":[2e-05,-0.0,-0.0,-0.0,2e-05,0.0,-0.0,0.0,4e-05],"collisionModel":{"pointA":[0,0.005,0,0,0,0,0,0,0],"pointB":[0,-0.005,0,0,0,0,0,0,0],"radius":[0.005,0,0]}}