{"mass":0.14,"centerOfMass":[0.0012,-0.00059,0.01502],"transformation":[0.70711,-0.70711,-0.0,0.0,0.70711,0.70711,0.0,0.0,0.0,-0.0,1.0,0.0,0.0,0.0,0.0,1.0],"inertia":[0.00015,-2e-05,-0.0,-2e-05,0.00012,-0.0,-0.0,-0.0,0.00023],"collisionModel":{"pointA":[0,0.005,0,0,0,0,0,0,0],"pointB":[0,-0.005,0,0,0,0,0,0,0],"radius":[0.005,0,0]}}