{
  "homography_matrix": [
    [
      0.0018275997613074024,
      3.6419560460834106e-05,
      -0.3078942750050384
    ],
    [
      -0.0006016835914273129,
      -0.002654052160958514,
      2.6826598163791378
    ],
    [
      -0.00018506327786473354,
      0.002292159581763663,
      1.0
    ]
  ],
  "table_corner_points": [
    [
      149,
      977
    ],
    [
      1587,
      651
    ],
    [
      1152,
      320
    ],
    [
      160,
      425
    ]
  ]
}