{"mass":0.1,"centerOfMass":[0.00446,0.00438,0.01837],"transformation":[-0.70711,0.7071,0.0,0.0,-0.7071,-0.70711,0.0,0.0,0.0,0.0,1.0,0.0,0.0,0.0,0.045,1.0],"inertia":[4e-05,-1e-05,-1e-05,-1e-05,4e-05,-1e-05,-1e-05,-1e-05,5e-05],"collisionModel":{"pointA":[0,0.005,0,0,0,0,0,0,0],"pointB":[0,-0.005,0,0,0,0,0,0,0],"radius":[0.005,0,0]}}