{"mass":0.3,"centerOfMass":[-0.00021,0.00054,0.04914],"transformation":[-1.0,0.00159,0.0,0.0,-0.0,-0.0008,-1.0,0.0,-0.00159,-1.0,0.0008,0.0,0.0625,0.1405,0.22358,1.0],"inertia":[0.00107,0.0,-0.0,0.0,0.0011,0.0,-0.0,0.0,0.0006],"collisionModel":{"pointA":[0,0.005,0,0,0,0,0,0,0],"pointB":[0,-0.005,0,0,0,0,0,0,0],"radius":[0.005,0,0]}}